SERVICE001-DEALER,SERVICE001-TITLE,SERVICE001-URL,SERVICE001-DATE,SERVICE001-IMAGE,SERVICE001-BLURB,,,,
Advantage BMW Midtown,Wheel Alignment Service,https://www.advantagebmwhouston.com/bmw-wheel-alignment-houston-tx/,11/27/2019,https://drive.google.com/uc?id=1Cfc7TI7FzrxDYaGgOwbZS4XOu7G7FeUh,"Learn more about our factory-certified wheel alignment service, plus find answers to your frequently asked questions.",,,,
Advantage BMW of Clear Lake,Wheel Alignment Service,https://www.advantagebmwclearlake.com/bmw-wheel-alignment-houston-tx/,11/27/2019,https://drive.google.com/uc?id=1Cfc7TI7FzrxDYaGgOwbZS4XOu7G7FeUh,Learn more about our factory-certified wheel alignment service. Schedule online or visit today.,,,,
Audi El Paso,Wheel Alignment Service,https://www.elpasoaudi.com/audi-wheel-alignment-el-paso.htm,11/27/2019,https://drive.google.com/uc?id=1Cfc7TI7FzrxDYaGgOwbZS4XOu7G7FeUh,Learn more about our factory-certified wheel alignment service. Schedule online or visit today.,,,,
Baron BMW,Wheel Alignment Service,https://www.baronbmw.com/bmw-wheel-alignment-kansas-city-mo/,11/27/2019,https://drive.google.com/uc?id=1Cfc7TI7FzrxDYaGgOwbZS4XOu7G7FeUh,Learn more about our factory-certified wheel alignment service. Schedule online or visit today.,,,,
Beck & Masten Buick GMC Coastal Bend,Wheel Alignment Service,https://www.beckmastencoastalbend.com/buick-gmc-wheel-alignment-corpus-christi-tx,11/27/2019,https://drive.google.com/uc?id=1Cfc7TI7FzrxDYaGgOwbZS4XOu7G7FeUh,Learn more about our factory-certified wheel alignment service. Schedule online or visit today.,,,,
Beck & Masten Buick GMC North,Wheel Alignment Service,https://www.beckmastennorth.com/buick-gmc-wheel-alignment-houston-tx,11/27/2019,https://drive.google.com/uc?id=1Cfc7TI7FzrxDYaGgOwbZS4XOu7G7FeUh,Learn more about our factory-certified wheel alignment service. Schedule online or visit today.,,,,
Beck & Masten Buick GMC South,Wheel Alignment Service,https://www.beckmastensouth.com/buick-gmc-wheel-alignment-houston-tx,11/27/2019,https://drive.google.com/uc?id=1Cfc7TI7FzrxDYaGgOwbZS4XOu7G7FeUh,Learn more about our factory-certified wheel alignment service. Schedule online or visit today.,,,,
Beck & Masten Kia,Wheel Alignment Service,https://www.beckmastenkia.com/kia-wheel-alignment-houston-tx.htm,11/27/2019,https://drive.google.com/uc?id=1Cfc7TI7FzrxDYaGgOwbZS4XOu7G7FeUh,Learn more about our factory-certified wheel alignment service. Schedule online or visit today.,,,,
BMW of Beaumont,Wheel Alignment Service,https://www.bmwofbeaumont.com/bmw-wheel-alignment-beaumont-tx/,11/27/2019,https://drive.google.com/uc?id=1Cfc7TI7FzrxDYaGgOwbZS4XOu7G7FeUh,Learn more about our factory-certified wheel alignment service. Schedule online or visit today.,,,,
BMW of El Paso,Wheel Alignment Service,https://www.bmwofelpaso.com/bmw-wheel-alignment-el-paso-tx/,11/27/2019,https://drive.google.com/uc?id=1Cfc7TI7FzrxDYaGgOwbZS4XOu7G7FeUh,Learn more about our factory-certified wheel alignment service. Schedule online or visit today.,,,,
BMW of Milwaukee North,Wheel Alignment Service,https://www.bmwofmilwaukeenorth.com/bmw-wheel-alignment-milwaukee-wi.htm,11/27/2019,https://drive.google.com/uc?id=1Cfc7TI7FzrxDYaGgOwbZS4XOu7G7FeUh,Learn more about our factory-certified wheel alignment service. Schedule online or visit today.,,,,
BMW of Tulsa,Wheel Alignment Service,https://www.bmwoftulsa.com/bmw-wheel-alignment-tulsa-ok/,11/27/2019,https://drive.google.com/uc?id=1Cfc7TI7FzrxDYaGgOwbZS4XOu7G7FeUh,Learn more about our factory-certified wheel alignment service. Schedule online or visit today.,,,,
Bob Howard Acura,Wheel Alignment Service,https://www.bobhowardacura.com/acura-wheel-alignment-oklahoma-city/,11/27/2019,https://drive.google.com/uc?id=1Cfc7TI7FzrxDYaGgOwbZS4XOu7G7FeUh,Learn more about our factory-certified wheel alignment service. Schedule online or visit today.,,,,
Bob Howard Buick GMC,Wheel Alignment Service,https://www.bobhowardbuickgmc.com/buick-gmc-wheel-alignment-oklahoma-city-ok,11/27/2019,https://drive.google.com/uc?id=1Cfc7TI7FzrxDYaGgOwbZS4XOu7G7FeUh,Learn more about our factory-certified wheel alignment service. Schedule online or visit today.,,,,
Bob Howard Chevrolet,Wheel Alignment Service,https://www.bobhowardchevrolet.com/chevy-wheel-alignment-oklahoma-city-ok,11/27/2019,https://drive.google.com/uc?id=1Cfc7TI7FzrxDYaGgOwbZS4XOu7G7FeUh,Learn more about our factory-certified wheel alignment service. Schedule online or visit today.,,,,
Bob Howard Chrysler Jeep Dodge Ram,Wheel Alignment Service,https://www.bobhowardcjd.com/wheel-alignment-service/,11/27/2019,https://drive.google.com/uc?id=1Cfc7TI7FzrxDYaGgOwbZS4XOu7G7FeUh,Learn more about our factory-certified wheel alignment service. Schedule online or visit today.,,,,
Bob Howard Honda,Wheel Alignment Service,https://www.bobhowardhonda.com/honda-wheel-alignment-oklahoma-city-ok/,11/27/2019,https://drive.google.com/uc?id=1Cfc7TI7FzrxDYaGgOwbZS4XOu7G7FeUh,Learn more about our factory-certified wheel alignment service. Schedule online or visit today.,,,,
Bob Howard Hyundai,Wheel Alignment Service,https://www.bobhowardhyundai.com/hyundai-wheel-alignment-oklahoma-city.htm,11/27/2019,https://drive.google.com/uc?id=1Cfc7TI7FzrxDYaGgOwbZS4XOu7G7FeUh,Learn more about our factory-certified wheel alignment service. Schedule online or visit today.,,,,
Bob Howard Nissan,Wheel Alignment Service,https://www.bobhowardnissan.com/nissan-wheel-alignment-oklahoma-city-ok/,11/27/2019,https://drive.google.com/uc?id=1Cfc7TI7FzrxDYaGgOwbZS4XOu7G7FeUh,Learn more about our factory-certified wheel alignment service. Schedule online or visit today.,,,,
Bob Howard Toyota,Wheel Alignment Service,https://www.bobhowardtoyota.com/toyota-wheel-alignment-oklahoma-city-ok/,11/27/2019,https://drive.google.com/uc?id=1Cfc7TI7FzrxDYaGgOwbZS4XOu7G7FeUh,Learn more about our factory-certified wheel alignment service. Schedule online or visit today.,,,,
Cedar Park Nissan,Wheel Alignment Service,https://www.cedarparknissan.com/nissan-wheel-alignment-austin-tx/,11/27/2019,https://drive.google.com/uc?id=1Cfc7TI7FzrxDYaGgOwbZS4XOu7G7FeUh,Learn more about our factory-certified wheel alignment service. Schedule online or visit today.,,,,
Fernandez Honda,Wheel Alignment Service,https://www.fernandezhonda.com/honda-wheel-alignment-san-antonio-tx/,11/27/2019,https://drive.google.com/uc?id=1Cfc7TI7FzrxDYaGgOwbZS4XOu7G7FeUh,Learn more about our factory-certified wheel alignment service. Schedule online or visit today.,,,,
Finnegan Chevy Buick GMC,Wheel Alignment Service,https://www.finneganautogroup.com/buick-gmc-wheel-alignment-rosenberg-tx,11/27/2019,https://drive.google.com/uc?id=1Cfc7TI7FzrxDYaGgOwbZS4XOu7G7FeUh,Learn more about our factory-certified wheel alignment service. Schedule online or visit today.,,,,
Finnegan CJDR,Wheel Alignment Service,https://www.finneganchryslerjeepdodge.com/wheel-alignment-service/,11/27/2019,https://drive.google.com/uc?id=1Cfc7TI7FzrxDYaGgOwbZS4XOu7G7FeUh,Learn more about our factory-certified wheel alignment service. Schedule online or visit today.,,,,
Folsom Lake Toyota,Wheel Alignment Service,https://www.folsomlaketoyota.com/toyota-wheel-alignment-sacramento-ca/,11/27/2019,https://drive.google.com/uc?id=1Cfc7TI7FzrxDYaGgOwbZS4XOu7G7FeUh,Learn more about our factory-certified wheel alignment service. Schedule online or visit today.,,,,
Freedom Chevrolet,Wheel Alignment Service,https://www.freedomchevy.com/chevrolet-wheel-alignment-san-antonio-tx,11/27/2019,https://drive.google.com/uc?id=1Cfc7TI7FzrxDYaGgOwbZS4XOu7G7FeUh,Learn more about our factory-certified wheel alignment service. Schedule online or visit today.,,,,
Gallatin Honda,Wheel Alignment Service,https://www.gallatinhonda.com/honda-wheel-alignment-nashville/,11/27/2019,https://drive.google.com/uc?id=1Cfc7TI7FzrxDYaGgOwbZS4XOu7G7FeUh,Learn more about our factory-certified wheel alignment service. Schedule online or visit today.,,,,
Gene Messer Chevrolet,Wheel Alignment Service,https://www.genemesserchevrolet.com/chevrolet-wheel-alignment-lubbock-tx,11/27/2019,https://drive.google.com/uc?id=1Cfc7TI7FzrxDYaGgOwbZS4XOu7G7FeUh,Learn more about our factory-certified wheel alignment service. Schedule online or visit today.,,,,
Gene Messer Ford Amarillo,Wheel Alignment Service,https://www.messerfordamarillo.com/ford-wheel-alignment-amarillo.html,11/27/2019,https://drive.google.com/uc?id=1Cfc7TI7FzrxDYaGgOwbZS4XOu7G7FeUh,Learn more about our factory-certified wheel alignment service. Schedule online or visit today.,,,,
Gene Messer Ford Lubbock,Wheel Alignment Service,https://www.genemesserford.com/ford-wheel-alignment-lubbock.html,11/27/2019,https://drive.google.com/uc?id=1Cfc7TI7FzrxDYaGgOwbZS4XOu7G7FeUh,Learn more about our factory-certified wheel alignment service. Schedule online or visit today.,,,,
Gene Messer Hyundai,Wheel Alignment Service,https://www.genemesserhyundai.com/lubbock-hyundai-wheel-alignment,11/27/2019,https://drive.google.com/uc?id=1Cfc7TI7FzrxDYaGgOwbZS4XOu7G7FeUh,Learn more about our factory-certified wheel alignment service. Schedule online or visit today.,,,,
Gene Messer Kia,Wheel Alignment Service,https://www.genemesserkia.com/kia-wheel-alignment-service-lubbock-tx/,11/27/2019,https://drive.google.com/uc?id=1Cfc7TI7FzrxDYaGgOwbZS4XOu7G7FeUh,Learn more about our factory-certified wheel alignment service. Schedule online or visit today.,,,,
Gene Messer Toyota,Wheel Alignment Service,https://www.genemessertoyota.com/toyota-wheel-alignment-lubbock-tx/,11/27/2019,https://drive.google.com/uc?id=1Cfc7TI7FzrxDYaGgOwbZS4XOu7G7FeUh,Learn more about our factory-certified wheel alignment service. Schedule online or visit today.,,,,
Gene Messer Volkswagen,Wheel Alignment Service,https://www.genemesservw.com/wheel-alignment-service/,11/27/2019,https://drive.google.com/uc?id=1Cfc7TI7FzrxDYaGgOwbZS4XOu7G7FeUh,Learn more about our factory-certified wheel alignment service. Schedule online or visit today.,,,,
Genesis of Southwest Houston,Wheel Alignment Service,https://www.genesisofsouthwesthouston.com/houston-genesis-wheel-alignment.htm,11/27/2019,https://drive.google.com/uc?id=1Cfc7TI7FzrxDYaGgOwbZS4XOu7G7FeUh,Learn more about our factory-certified wheel alignment service. Schedule online or visit today.,,,,
Gillman Acura,Wheel Alignment Service,https://www.gillmanacura.com/houston-acura-wheel-alignment/,11/27/2019,https://drive.google.com/uc?id=1Cfc7TI7FzrxDYaGgOwbZS4XOu7G7FeUh,Learn more about our factory-certified wheel alignment service. Schedule online or visit today.,,,,
Gillman Honda Fort Bend,Wheel Alignment Service,https://www.gillmanhondaftbend.com/honda-wheel-alignment-rosenberg/,11/27/2019,https://drive.google.com/uc?id=1Cfc7TI7FzrxDYaGgOwbZS4XOu7G7FeUh,Learn more about our factory-certified wheel alignment service. Schedule online or visit today.,,,,
Gillman Subaru North,Wheel Alignment Service,https://www.gillmansubarunorth.com/subaru-wheel-alignment-houston.htm,11/27/2019,https://drive.google.com/uc?id=1Cfc7TI7FzrxDYaGgOwbZS4XOu7G7FeUh,Learn more about our factory-certified wheel alignment service. Schedule online or visit today.,,,,
Kia of South Austin,Wheel Alignment Service,https://www.kiaofsouthaustin.com/kia-wheel-alignment-austin/,11/27/2019,https://drive.google.com/uc?id=1Cfc7TI7FzrxDYaGgOwbZS4XOu7G7FeUh,Learn more about our factory-certified wheel alignment service. Schedule online or visit today.,,,,
Maxwell Ford,Wheel Alignment Service,https://www.maxwellford.com/ford-wheel-alignment-austin.html,11/27/2019,https://drive.google.com/uc?id=1Cfc7TI7FzrxDYaGgOwbZS4XOu7G7FeUh,Learn more about our factory-certified wheel alignment service. Schedule online or visit today.,,,,
Mercedes-Benz of Beaumont,Wheel Alignment Service,https://www.mbofbeaumont.com/mercedes-benz-wheel-alignment-beaumont/,11/27/2019,https://drive.google.com/uc?id=1Cfc7TI7FzrxDYaGgOwbZS4XOu7G7FeUh,Learn more about our factory-certified wheel alignment service. Schedule online or visit today.,,,,
Mercedes-Benz of Beverly Hills,Wheel Alignment Service,https://www.bhbenz.com/mercedes-benz-wheel-alignment-los-angeles/,11/27/2019,https://drive.google.com/uc?id=1Cfc7TI7FzrxDYaGgOwbZS4XOu7G7FeUh,Learn more about our factory-certified wheel alignment service. Schedule online or visit today.,,,,
Mercedes-Benz of Boerne,Wheel Alignment Service,https://www.mbboerne.com/mercedes-benz-wheel-alignment-san-antonio/,11/27/2019,https://drive.google.com/uc?id=1Cfc7TI7FzrxDYaGgOwbZS4XOu7G7FeUh,Learn more about our factory-certified wheel alignment service. Schedule online or visit today.,,,,
Mercedes-Benz of Clear Lake,Wheel Alignment Service,https://www.mercedesbenzclearlake.com/mercedes-benz-wheel-alignment-houston/,11/27/2019,https://drive.google.com/uc?id=1Cfc7TI7FzrxDYaGgOwbZS4XOu7G7FeUh,Learn more about our factory-certified wheel alignment service. Schedule online or visit today.,,,,
Mercedes-Benz of Georgetown,Wheel Alignment Service,https://www.mbofgeorgetown.com/mercedes-benz-wheel-alignment-austin/,11/27/2019,https://drive.google.com/uc?id=1Cfc7TI7FzrxDYaGgOwbZS4XOu7G7FeUh,Learn more about our factory-certified wheel alignment service. Schedule online or visit today.,,,,
Mercedes-Benz of Milwaukee North,Wheel Alignment Service,https://www.mbofmilwaukeenorth.com/mercedes-benz-wheel-alignment-milwaukee/,11/27/2019,https://drive.google.com/uc?id=1Cfc7TI7FzrxDYaGgOwbZS4XOu7G7FeUh,Learn more about our factory-certified wheel alignment service. Schedule online or visit today.,,,,
Mike Smith Chrysler Jeep Dodge Ram,Wheel Alignment Service,https://www.mikesmithcjd.com/wheel-alignment-service/,11/27/2019,https://drive.google.com/uc?id=1Cfc7TI7FzrxDYaGgOwbZS4XOu7G7FeUh,Learn more about our factory-certified wheel alignment service. Schedule online or visit today.,,,,
Mike Smith Honda,Wheel Alignment Service,https://www.mikesmithhonda.com/honda-wheel-alignment-beaumont-tx/,11/27/2019,https://drive.google.com/uc?id=1Cfc7TI7FzrxDYaGgOwbZS4XOu7G7FeUh,Learn more about our factory-certified wheel alignment service. Schedule online or visit today.,,,,
Mike Smith Nissan,Wheel Alignment Service,https://www.mikesmithnissan.com/nissan-wheel-alignment-beaumont-tx/,11/27/2019,https://drive.google.com/uc?id=1Cfc7TI7FzrxDYaGgOwbZS4XOu7G7FeUh,Learn more about our factory-certified wheel alignment service. Schedule online or visit today.,,,,
Miller Toyota of Anaheim,Wheel Alignment Service,https://www.millertoyotaofanaheim.com/toyota-wheel-alignment-orange-county/,11/27/2019,https://drive.google.com/uc?id=1Cfc7TI7FzrxDYaGgOwbZS4XOu7G7FeUh,Learn more about our factory-certified wheel alignment service. Schedule online or visit today.,,,,
MINI of Clear Lake,Wheel Alignment Service,https://www.miniclearlake.com/mini-wheel-alignment-houston-tx/,11/27/2019,https://drive.google.com/uc?id=1Cfc7TI7FzrxDYaGgOwbZS4XOu7G7FeUh,Learn more about our factory-certified wheel alignment service. Schedule online or visit today.,,,,
MINI of El Paso,Wheel Alignment Service,https://www.miniofelpaso.com/mini-wheel-alignment-el-paso-tx/,11/27/2019,https://drive.google.com/uc?id=1Cfc7TI7FzrxDYaGgOwbZS4XOu7G7FeUh,Learn more about our factory-certified wheel alignment service. Schedule online or visit today.,,,,
Porsche El Paso,Wheel Alignment Service,https://www.porscheelpaso.com/wheel-alignment-service/,11/27/2019,https://drive.google.com/uc?id=1Cfc7TI7FzrxDYaGgOwbZS4XOu7G7FeUh,Learn more about our factory-certified wheel alignment service. Schedule online or visit today.,,,,
Porsche of Milwaukee North,Wheel Alignment Service,https://www.porschemilwaukeenorth.com/wheel-alignment-service/,11/27/2019,https://drive.google.com/uc?id=1Cfc7TI7FzrxDYaGgOwbZS4XOu7G7FeUh,Learn more about our factory-certified wheel alignment service. Schedule online or visit today.,,,,
Ron Carter Cadillac,Wheel Alignment Service,https://www.roncartercadillac.com/cadillac-wheel-alignment-houston-tx,11/27/2019,https://drive.google.com/uc?id=1Cfc7TI7FzrxDYaGgOwbZS4XOu7G7FeUh,Learn more about our factory-certified wheel alignment service. Schedule online or visit today.,,,,
Ron Carter Hyundai,Wheel Alignment Service,https://www.roncarterhyundai.com/hyundai-wheel-alignment-houston.htm,11/27/2019,https://drive.google.com/uc?id=1Cfc7TI7FzrxDYaGgOwbZS4XOu7G7FeUh,Learn more about our factory-certified wheel alignment service. Schedule online or visit today.,,,,
Round Rock Nissan,Wheel Alignment Service,https://www.roundrocknissan.com/nissan-wheel-alignment-austin-tx/,11/27/2019,https://drive.google.com/uc?id=1Cfc7TI7FzrxDYaGgOwbZS4XOu7G7FeUh,Learn more about our factory-certified wheel alignment service. Schedule online or visit today.,,,,
Shamaley Buick GMC,Wheel Alignment Service,https://www.shamaleybuickgmc.com/buick-gmc-wheel-alignment-el-paso-tx,11/27/2019,https://drive.google.com/uc?id=1Cfc7TI7FzrxDYaGgOwbZS4XOu7G7FeUh,Learn more about our factory-certified wheel alignment service. Schedule online or visit today.,,,,
Shamaley Ford,Wheel Alignment Service,https://www.shamaleyford.com/ford-wheel-alignment-el-paso.html,11/27/2019,https://drive.google.com/uc?id=1Cfc7TI7FzrxDYaGgOwbZS4XOu7G7FeUh,Learn more about our factory-certified wheel alignment service. Schedule online or visit today.,,,,
Shawnee Mission Kia,Wheel Alignment Service,https://www.shawneemissionkia.com/kia-wheel-alignment-kansas-city-ks/,11/27/2019,https://drive.google.com/uc?id=1Cfc7TI7FzrxDYaGgOwbZS4XOu7G7FeUh,Learn more about our factory-certified wheel alignment service. Schedule online or visit today.,,,,
Smicklas Chevrolet,Wheel Alignment Service,https://www.smicklaschevrolet.com/chevrolet-wheel-alignment-oklahoma-city-ok,11/27/2019,https://drive.google.com/uc?id=1Cfc7TI7FzrxDYaGgOwbZS4XOu7G7FeUh,Learn more about our factory-certified wheel alignment service. Schedule online or visit today.,,,,
South Pointe Chevrolet,Wheel Alignment Service,https://www.southpointechevrolet.com/chevy-wheel-alignment-tulsa-ok,11/27/2019,https://drive.google.com/uc?id=1Cfc7TI7FzrxDYaGgOwbZS4XOu7G7FeUh,Learn more about our factory-certified wheel alignment service. Schedule online or visit today.,,,,
South Pointe Chrysler Jeep Dodge Ram,Wheel Alignment Service,https://www.southpointcjd.com/wheel-alignment-service/,11/27/2019,https://drive.google.com/uc?id=1Cfc7TI7FzrxDYaGgOwbZS4XOu7G7FeUh,Learn more about our factory-certified wheel alignment service. Schedule online or visit today.,,,,
South Pointe Honda,Wheel Alignment Service,https://www.southpointehonda.com/honda-wheel-alignment-tulsa-ok/,11/27/2019,https://drive.google.com/uc?id=1Cfc7TI7FzrxDYaGgOwbZS4XOu7G7FeUh,Learn more about our factory-certified wheel alignment service. Schedule online or visit today.,,,,
Sterling McCall Acura,Wheel Alignment Service,https://www.sterlingmccallacura.com/acura-wheel-alignment-houston/,11/27/2019,https://drive.google.com/uc?id=1Cfc7TI7FzrxDYaGgOwbZS4XOu7G7FeUh,Learn more about our factory-certified wheel alignment service. Schedule online or visit today.,,,,
Sterling McCall Acura of Sugar Land,Wheel Alignment Service,https://www.acurasugarland.com/acura-wheel-alignment-sugar-land/,11/27/2019,https://drive.google.com/uc?id=1Cfc7TI7FzrxDYaGgOwbZS4XOu7G7FeUh,Learn more about our factory-certified wheel alignment service. Schedule online or visit today.,,,,
Sterling McCall Buick GMC,Wheel Alignment Service,https://www.sterlingmccallbuickgmc.com/buick-gmc-wheel-alignment-houston-tx,11/27/2019,https://drive.google.com/uc?id=1Cfc7TI7FzrxDYaGgOwbZS4XOu7G7FeUh,Learn more about our factory-certified wheel alignment service. Schedule online or visit today.,,,,
Sterling McCall Cadillac,Wheel Alignment Service,https://www.sterlingmccallcadillac.com/cadillac-wheel-alignment-houston-tx,11/27/2019,https://drive.google.com/uc?id=1Cfc7TI7FzrxDYaGgOwbZS4XOu7G7FeUh,Learn more about our factory-certified wheel alignment service. Schedule online or visit today.,,,,
Sterling McCall Chevrolet,Wheel Alignment Service,https://www.sterlingmccallchevy.com/chevrolet-wheel-alignment-houston,11/27/2019,https://drive.google.com/uc?id=1Cfc7TI7FzrxDYaGgOwbZS4XOu7G7FeUh,Learn more about our factory-certified wheel alignment service. Schedule online or visit today.,,,,
Sterling McCall Ford,Wheel Alignment Service,https://www.sterlingmccallford.com/ford-wheel-alignment-houston.html,11/27/2019,https://drive.google.com/uc?id=1Cfc7TI7FzrxDYaGgOwbZS4XOu7G7FeUh,Learn more about our factory-certified wheel alignment service. Schedule online or visit today.,,,,
Sterling McCall Honda,Wheel Alignment Service,https://www.sterlingmccallhonda.com/honda-wheel-alignment-houston-tx/,11/27/2019,https://drive.google.com/uc?id=1Cfc7TI7FzrxDYaGgOwbZS4XOu7G7FeUh,Learn more about our factory-certified wheel alignment service. Schedule online or visit today.,,,,
Sterling McCall Hyundai,Wheel Alignment Service,https://www.sterlingmccallhyundai.com/hyundai-wheel-alignment-houston,11/27/2019,https://drive.google.com/uc?id=1Cfc7TI7FzrxDYaGgOwbZS4XOu7G7FeUh,Learn more about our factory-certified wheel alignment service. Schedule online or visit today.,,,,
Sterling McCall Hyundai South Loop,Wheel Alignment Service,https://www.sterlingmccallhyundaisouthloop.com/wheel-alignment-hyundai-houston,11/27/2019,https://drive.google.com/uc?id=1Cfc7TI7FzrxDYaGgOwbZS4XOu7G7FeUh,Learn more about our factory-certified wheel alignment service. Schedule online or visit today.,,,,
Sterling McCall Lexus,Wheel Alignment Service,https://www.sterlingmccalllexus.com/lexus-wheel-alignment-houston/,11/27/2019,https://drive.google.com/uc?id=1Cfc7TI7FzrxDYaGgOwbZS4XOu7G7FeUh,Learn more about our factory-certified wheel alignment service. Schedule online or visit today.,,,,
Sterling McCall Lexus Clear Lake,Wheel Alignment Service,https://www.sterlingmccalllexusclearlake.com/houston-lexus-wheel-alignment/,11/27/2019,https://drive.google.com/uc?id=1Cfc7TI7FzrxDYaGgOwbZS4XOu7G7FeUh,Learn more about our factory-certified wheel alignment service. Schedule online or visit today.,,,,
Sterling McCall Nissan,Wheel Alignment Service,https://www.sterlingmccallnissan.com/nissan-wheel-alignment-houston-tx/,11/27/2019,https://drive.google.com/uc?id=1Cfc7TI7FzrxDYaGgOwbZS4XOu7G7FeUh,Learn more about our factory-certified wheel alignment service. Schedule online or visit today.,,,,
Sterling McCall Toyota,Wheel Alignment Service,https://www.sterlingmccalltoyota.com/toyota-wheel-alignment-houston-tx/,11/27/2019,https://drive.google.com/uc?id=1Cfc7TI7FzrxDYaGgOwbZS4XOu7G7FeUh,Learn more about our factory-certified wheel alignment service. Schedule online or visit today.,,,,
Sterling McCall Toyota Fort Bend,Wheel Alignment Service,https://www.sterlingmccalltoyotafortbend.com/toyota-wheel-alignment-richmond-tx/,11/27/2019,https://drive.google.com/uc?id=1Cfc7TI7FzrxDYaGgOwbZS4XOu7G7FeUh,Learn more about our factory-certified wheel alignment service. Schedule online or visit today.,,,,
Subaru El Paso,Wheel Alignment Service,https://www.subaruelpaso.com/subaru-wheel-alignment-el-paso.htm,11/27/2019,https://drive.google.com/uc?id=1Cfc7TI7FzrxDYaGgOwbZS4XOu7G7FeUh,Learn more about our factory-certified wheel alignment service. Schedule online or visit today.,,,,
Subaru of Clear Lake,Wheel Alignment Service,https://www.clearlakesubaru.com/subaru-wheel-alignment-houston-tx.htm,11/27/2019,https://drive.google.com/uc?id=1Cfc7TI7FzrxDYaGgOwbZS4XOu7G7FeUh,Learn more about our factory-certified wheel alignment service. Schedule online or visit today.,,,,
Team Gillman Mazda,Wheel Alignment Service,https://www.teamgillmanmazda.com/mazda-wheel-alignment-houston-tx/,11/27/2019,https://drive.google.com/uc?id=1Cfc7TI7FzrxDYaGgOwbZS4XOu7G7FeUh,Learn more about our factory-certified wheel alignment service. Schedule online or visit today.,,,,
Town North Nissan,Wheel Alignment Service,https://www.townnorthnissan.com/nissan-wheel-alignment-austin-tx/,11/27/2019,https://drive.google.com/uc?id=1Cfc7TI7FzrxDYaGgOwbZS4XOu7G7FeUh,Learn more about our factory-certified wheel alignment service. Schedule online or visit today.,,,,
Volkswagen of Alamo Heights,Wheel Alignment Service,https://www.vwofalamoheights.com/wheel-alignment-service/,11/27/2019,https://drive.google.com/uc?id=1Cfc7TI7FzrxDYaGgOwbZS4XOu7G7FeUh,Learn more about our factory-certified wheel alignment service. Schedule online or visit today.,,,,
Volkswagen of Beaumont,Wheel Alignment Service,https://www.vwbeaumont.com/wheel-alignment-service/,11/27/2019,https://drive.google.com/uc?id=1Cfc7TI7FzrxDYaGgOwbZS4XOu7G7FeUh,Learn more about our factory-certified wheel alignment service. Schedule online or visit today.,,,,
Volkswagen of Kearny Mesa,Wheel Alignment Service,https://www.vwofkearnymesa.com/wheel-alignment-service/,11/27/2019,https://drive.google.com/uc?id=1Cfc7TI7FzrxDYaGgOwbZS4XOu7G7FeUh,Learn more about our factory-certified wheel alignment service. Schedule online or visit today.,,,,
Volkswagen of Milwaukee North,Wheel Alignment Service,https://www.vwofmilwaukeenorth.com/wheel-alignment-service/,11/27/2019,https://drive.google.com/uc?id=1Cfc7TI7FzrxDYaGgOwbZS4XOu7G7FeUh,Learn more about our factory-certified wheel alignment service. Schedule online or visit today.,,,,
