SERVICE002-DEALER,SERVICE002-TITLE,SERVICE002-URL,SERVICE002-DATE,SERVICE002-IMAGE,SERVICE002-BLURB
Advantage BMW Midtown,Exhaust System Repair,https://www.advantagebmwhouston.com/bmw-exhaust-system-repair-houston-tx/,11/1/2019,https://drive.google.com/uc?id=15pLytzStUFutF6W5DA3WyO6Z2ICha-iM,Worried about your car or truck's exhaust system? Learn more about the most common issues with exhaust systems and how we can help. 
Advantage BMW of Clear Lake,Exhaust System Repair,https://www.advantagebmwclearlake.com/bmw-exhaust-system-repair-houston-tx/,11/1/2019,https://drive.google.com/uc?id=15pLytzStUFutF6W5DA3WyO6Z2ICha-iM,Worried about your car or truck's exhaust system? Learn more about the most common issues with exhaust systems and how we can help. 
Audi El Paso,Exhaust System Repair,https://www.elpasoaudi.com/audi-exhaust-system-repair-el-paso.htm,11/1/2019,https://drive.google.com/uc?id=15pLytzStUFutF6W5DA3WyO6Z2ICha-iM,Worried about your car or truck's exhaust system? Learn more about the most common issues with exhaust systems and how we can help. 
Baron BMW,Exhaust System Repair,https://www.baronbmw.com/bmw-exhaust-system-repair-kansas-city-mo/,11/1/2019,https://drive.google.com/uc?id=15pLytzStUFutF6W5DA3WyO6Z2ICha-iM,Worried about your car or truck's exhaust system? Learn more about the most common issues with exhaust systems and how we can help. 
Beck & Masten Buick GMC Coastal Bend,Exhaust System Repair,https://www.beckmastencoastalbend.com/buick-gmc-exhaust-system-repair-corpus-christi,11/1/2019,https://drive.google.com/uc?id=15pLytzStUFutF6W5DA3WyO6Z2ICha-iM,Worried about your car or truck's exhaust system? Learn more about the most common issues with exhaust systems and how we can help. 
Beck & Masten Buick GMC North,Exhaust System Repair,https://www.beckmastennorth.com/buick-gmc-exhaust-system-repair-houston,11/1/2019,https://drive.google.com/uc?id=15pLytzStUFutF6W5DA3WyO6Z2ICha-iM,Worried about your car or truck's exhaust system? Learn more about the most common issues with exhaust systems and how we can help. 
Beck & Masten Buick GMC South,Exhaust System Repair,https://www.beckmastensouth.com/buick-gmc-exhaust-system-repair-houston,11/1/2019,https://drive.google.com/uc?id=15pLytzStUFutF6W5DA3WyO6Z2ICha-iM,Worried about your car or truck's exhaust system? Learn more about the most common issues with exhaust systems and how we can help. 
Beck & Masten Kia,Exhaust System Repair,https://www.beckmastenkia.com/kia-exhaust-system-repair-houston.htm,11/1/2019,https://drive.google.com/uc?id=15pLytzStUFutF6W5DA3WyO6Z2ICha-iM,Worried about your car or truck's exhaust system? Learn more about the most common issues with exhaust systems and how we can help. 
BMW of Beaumont,Exhaust System Repair,https://www.bmwofbeaumont.com/bmw-exhaust-system-repair-beaumont-tx/,11/1/2019,https://drive.google.com/uc?id=15pLytzStUFutF6W5DA3WyO6Z2ICha-iM,Worried about your car or truck's exhaust system? Learn more about the most common issues with exhaust systems and how we can help. 
BMW of El Paso,Exhaust System Repair,https://www.bmwofelpaso.com/bmw-exhaust-system-repair-el-paso-tx/,11/1/2019,https://drive.google.com/uc?id=15pLytzStUFutF6W5DA3WyO6Z2ICha-iM,Worried about your car or truck's exhaust system? Learn more about the most common issues with exhaust systems and how we can help. 
BMW of Milwaukee North,Exhaust System Repair,https://www.bmwofmilwaukeenorth.com/bmw-exhaust-system-repair-milwaukee.htm,11/1/2019,https://drive.google.com/uc?id=15pLytzStUFutF6W5DA3WyO6Z2ICha-iM,Worried about your car or truck's exhaust system? Learn more about the most common issues with exhaust systems and how we can help. 
BMW of Tulsa,Exhaust System Repair,https://www.bmwoftulsa.com/bmw-exhaust-system-repair-tulsa-ok/,11/1/2019,https://drive.google.com/uc?id=15pLytzStUFutF6W5DA3WyO6Z2ICha-iM,Worried about your car or truck's exhaust system? Learn more about the most common issues with exhaust systems and how we can help. 
Bob Howard Acura,Exhaust System Repair,https://www.bobhowardacura.com/acura-exhaust-system-repair-oklahoma-city/,11/1/2019,https://drive.google.com/uc?id=15pLytzStUFutF6W5DA3WyO6Z2ICha-iM,Worried about your car or truck's exhaust system? Learn more about the most common issues with exhaust systems and how we can help. 
Bob Howard Buick GMC,Exhaust System Repair,https://www.bobhowardbuickgmc.com/buick-gmc-exhaust-system-repair-oklahoma-city-ok,11/1/2019,https://drive.google.com/uc?id=15pLytzStUFutF6W5DA3WyO6Z2ICha-iM,Worried about your car or truck's exhaust system? Learn more about the most common issues with exhaust systems and how we can help. 
Bob Howard Chevrolet,Exhaust System Repair,https://www.bobhowardchevrolet.com/chevrolet-exhaust-system-repair-oklahoma-city-ok,11/1/2019,https://drive.google.com/uc?id=15pLytzStUFutF6W5DA3WyO6Z2ICha-iM,Worried about your car or truck's exhaust system? Learn more about the most common issues with exhaust systems and how we can help. 
Bob Howard Chrysler Jeep Dodge Ram,Exhaust System Repair,https://www.bobhowardcjd.com/chrysler-jeep-dodge-ram-exhaust-system-repair-oklahoma-city-ok/,11/1/2019,https://drive.google.com/uc?id=15pLytzStUFutF6W5DA3WyO6Z2ICha-iM,Worried about your car or truck's exhaust system? Learn more about the most common issues with exhaust systems and how we can help. 
Bob Howard Honda,Exhaust System Repair,https://www.bobhowardhonda.com/honda-exhaust-system-repair-oklahoma-city/,11/1/2019,https://drive.google.com/uc?id=15pLytzStUFutF6W5DA3WyO6Z2ICha-iM,Worried about your car or truck's exhaust system? Learn more about the most common issues with exhaust systems and how we can help. 
Bob Howard Hyundai,Exhaust System Repair,https://www.bobhowardhyundai.com/hyundai-exhaust-system-repair-oklahoma-city.htm,11/1/2019,https://drive.google.com/uc?id=15pLytzStUFutF6W5DA3WyO6Z2ICha-iM,Worried about your car or truck's exhaust system? Learn more about the most common issues with exhaust systems and how we can help. 
Bob Howard Nissan,Exhaust System Repair,https://www.bobhowardnissan.com/nissan-exhaust-system-repair-oklahoma-city/,11/1/2019,https://drive.google.com/uc?id=15pLytzStUFutF6W5DA3WyO6Z2ICha-iM,Worried about your car or truck's exhaust system? Learn more about the most common issues with exhaust systems and how we can help. 
Bob Howard Toyota,Exhaust System Repair,https://www.bobhowardtoyota.com/toyota-exhaust-system-repair-oklahoma-city/,11/1/2019,https://drive.google.com/uc?id=15pLytzStUFutF6W5DA3WyO6Z2ICha-iM,Worried about your car or truck's exhaust system? Learn more about the most common issues with exhaust systems and how we can help. 
Cedar Park Nissan,Exhaust System Repair,https://www.cedarparknissan.com/nissan-exhaust-system-repair-austin/,11/1/2019,https://drive.google.com/uc?id=15pLytzStUFutF6W5DA3WyO6Z2ICha-iM,Worried about your car or truck's exhaust system? Learn more about the most common issues with exhaust systems and how we can help. 
Fernandez Honda,Exhaust System Repair,https://www.fernandezhonda.com/honda-exhaust-system-repair-san-antonio/,11/1/2019,https://drive.google.com/uc?id=15pLytzStUFutF6W5DA3WyO6Z2ICha-iM,Worried about your car or truck's exhaust system? Learn more about the most common issues with exhaust systems and how we can help. 
Finnegan Chevy Buick GMC,Exhaust System Repair,https://www.finneganautogroup.com/chevrolet-buick-gmc-exhaust-system-repair-rosenberg-tx,11/1/2019,https://drive.google.com/uc?id=15pLytzStUFutF6W5DA3WyO6Z2ICha-iM,Worried about your car or truck's exhaust system? Learn more about the most common issues with exhaust systems and how we can help. 
Finnegan CJDR,Exhaust System Repair,https://www.finneganchryslerjeepdodge.com/chrysler-jeep-dodge-ram-exhaust-system-repair-rosenberg-tx/,11/1/2019,https://drive.google.com/uc?id=15pLytzStUFutF6W5DA3WyO6Z2ICha-iM,Worried about your car or truck's exhaust system? Learn more about the most common issues with exhaust systems and how we can help. 
Folsom Lake Toyota,Exhaust System Repair,https://www.folsomlaketoyota.com/toyota-exhaust-system-repair-sacramento/,11/1/2019,https://drive.google.com/uc?id=15pLytzStUFutF6W5DA3WyO6Z2ICha-iM,Worried about your car or truck's exhaust system? Learn more about the most common issues with exhaust systems and how we can help. 
Freedom Chevrolet,Exhaust System Repair,https://www.freedomchevy.com/chevrolet-exhaust-system-repair-san-antonio-tx,11/1/2019,https://drive.google.com/uc?id=15pLytzStUFutF6W5DA3WyO6Z2ICha-iM,Worried about your car or truck's exhaust system? Learn more about the most common issues with exhaust systems and how we can help. 
Gallatin Honda,Exhaust System Repair,https://www.gallatinhonda.com/honda-exhaust-system-repair-nashville/,11/1/2019,https://drive.google.com/uc?id=15pLytzStUFutF6W5DA3WyO6Z2ICha-iM,Worried about your car or truck's exhaust system? Learn more about the most common issues with exhaust systems and how we can help. 
Gene Messer Chevrolet,Exhaust System Repair,https://www.genemesserchevrolet.com/chevrolet-exhaust-system-repair-lubbock-tx,11/1/2019,https://drive.google.com/uc?id=15pLytzStUFutF6W5DA3WyO6Z2ICha-iM,Worried about your car or truck's exhaust system? Learn more about the most common issues with exhaust systems and how we can help. 
Gene Messer Ford Amarillo,Exhaust System Repair,https://www.messerfordamarillo.com/ford-exhaust-system-repair-amarillo.html,11/1/2019,https://drive.google.com/uc?id=15pLytzStUFutF6W5DA3WyO6Z2ICha-iM,Worried about your car or truck's exhaust system? Learn more about the most common issues with exhaust systems and how we can help. 
Gene Messer Ford Lubbock,Exhaust System Repair,https://www.genemesserford.com/ford-exhaust-system-repair-lubbock.html,11/1/2019,https://drive.google.com/uc?id=15pLytzStUFutF6W5DA3WyO6Z2ICha-iM,Worried about your car or truck's exhaust system? Learn more about the most common issues with exhaust systems and how we can help. 
Gene Messer Hyundai,Exhaust System Repair,https://www.genemesserhyundai.com/hyundai-exhaust-system-repair-lubbock,11/1/2019,https://drive.google.com/uc?id=15pLytzStUFutF6W5DA3WyO6Z2ICha-iM,Worried about your car or truck's exhaust system? Learn more about the most common issues with exhaust systems and how we can help. 
Gene Messer Kia,Exhaust System Repair,https://www.genemesserkia.com/kia-exhaust-system-repair-lubbock/,11/1/2019,https://drive.google.com/uc?id=15pLytzStUFutF6W5DA3WyO6Z2ICha-iM,Worried about your car or truck's exhaust system? Learn more about the most common issues with exhaust systems and how we can help. 
Gene Messer Toyota,Exhaust System Repair,https://www.genemessertoyota.com/toyota-exhaust-system-repair-lubbock/,11/1/2019,https://drive.google.com/uc?id=15pLytzStUFutF6W5DA3WyO6Z2ICha-iM,Worried about your car or truck's exhaust system? Learn more about the most common issues with exhaust systems and how we can help. 
Gene Messer Volkswagen,Exhaust System Repair,https://www.genemesservw.com/volkswagen-exhaust-system-repair-lubbock-tx/,11/1/2019,https://drive.google.com/uc?id=15pLytzStUFutF6W5DA3WyO6Z2ICha-iM,Worried about your car or truck's exhaust system? Learn more about the most common issues with exhaust systems and how we can help. 
Genesis of Southwest Houston,Exhaust System Repair,https://www.genesisofsouthwesthouston.com/genesis-exhaust-system-repair-houston.htm,11/1/2019,https://drive.google.com/uc?id=15pLytzStUFutF6W5DA3WyO6Z2ICha-iM,Worried about your car or truck's exhaust system? Learn more about the most common issues with exhaust systems and how we can help. 
Gillman Acura,Exhaust System Repair,https://www.gillmanacura.com/acura-exhaust-system-repair-houston/,11/1/2019,https://drive.google.com/uc?id=15pLytzStUFutF6W5DA3WyO6Z2ICha-iM,Worried about your car or truck's exhaust system? Learn more about the most common issues with exhaust systems and how we can help. 
Gillman Honda Fort Bend,Exhaust System Repair,https://www.gillmanhondaftbend.com/honda-exhaust-system-repair-rosenberg/,11/1/2019,https://drive.google.com/uc?id=15pLytzStUFutF6W5DA3WyO6Z2ICha-iM,Worried about your car or truck's exhaust system? Learn more about the most common issues with exhaust systems and how we can help. 
Gillman Subaru North,Exhaust System Repair,https://www.gillmansubarunorth.com/subaru-exhaust-system-repair-houston.htm,11/1/2019,https://drive.google.com/uc?id=15pLytzStUFutF6W5DA3WyO6Z2ICha-iM,Worried about your car or truck's exhaust system? Learn more about the most common issues with exhaust systems and how we can help. 
Kia of South Austin,Exhaust System Repair,https://www.kiaofsouthaustin.com/kia-exhaust-system-repair-austin/,11/1/2019,https://drive.google.com/uc?id=15pLytzStUFutF6W5DA3WyO6Z2ICha-iM,Worried about your car or truck's exhaust system? Learn more about the most common issues with exhaust systems and how we can help. 
Maxwell Ford,Exhaust System Repair,https://www.maxwellford.com/ford-exhaust-system-repair-austin.html,11/1/2019,https://drive.google.com/uc?id=15pLytzStUFutF6W5DA3WyO6Z2ICha-iM,Worried about your car or truck's exhaust system? Learn more about the most common issues with exhaust systems and how we can help. 
Mercedes-Benz of Beaumont,Exhaust System Repair,https://www.mbofbeaumont.com/mercedes-benz-exhaust-system-repair-beaumont/,11/1/2019,https://drive.google.com/uc?id=15pLytzStUFutF6W5DA3WyO6Z2ICha-iM,Worried about your car or truck's exhaust system? Learn more about the most common issues with exhaust systems and how we can help. 
Mercedes-Benz of Beverly Hills,Exhaust System Repair,https://www.bhbenz.com/mercedes-benz-exhaust-system-repair-los-angeles/,11/1/2019,https://drive.google.com/uc?id=15pLytzStUFutF6W5DA3WyO6Z2ICha-iM,Worried about your car or truck's exhaust system? Learn more about the most common issues with exhaust systems and how we can help. 
Mercedes-Benz of Boerne,Exhaust System Repair,https://www.mbboerne.com/mercedes-benz-exhaust-system-repair-san-antonio/,11/1/2019,https://drive.google.com/uc?id=15pLytzStUFutF6W5DA3WyO6Z2ICha-iM,Worried about your car or truck's exhaust system? Learn more about the most common issues with exhaust systems and how we can help. 
Mercedes-Benz of Clear Lake,Exhaust System Repair,https://www.mercedesbenzclearlake.com/mercedes-benz-exhaust-system-repair-houston/,11/1/2019,https://drive.google.com/uc?id=15pLytzStUFutF6W5DA3WyO6Z2ICha-iM,Worried about your car or truck's exhaust system? Learn more about the most common issues with exhaust systems and how we can help. 
Mercedes-Benz of Georgetown,Exhaust System Repair,https://www.mbofgeorgetown.com/mercedes-benz-exhaust-system-repair-austin/,11/1/2019,https://drive.google.com/uc?id=15pLytzStUFutF6W5DA3WyO6Z2ICha-iM,Worried about your car or truck's exhaust system? Learn more about the most common issues with exhaust systems and how we can help. 
Mercedes-Benz of Milwaukee North,Exhaust System Repair,https://www.mbofmilwaukeenorth.com/mercedes-benz-exhaust-system-repair-milwaukee/,11/1/2019,https://drive.google.com/uc?id=15pLytzStUFutF6W5DA3WyO6Z2ICha-iM,Worried about your car or truck's exhaust system? Learn more about the most common issues with exhaust systems and how we can help. 
Mike Smith Chrysler Jeep Dodge Ram,Exhaust System Repair,https://www.mikesmithcjd.com/chrysler-jeep-dodge-ram-exhaust-system-repair-beaumont-tx/,11/1/2019,https://drive.google.com/uc?id=15pLytzStUFutF6W5DA3WyO6Z2ICha-iM,Worried about your car or truck's exhaust system? Learn more about the most common issues with exhaust systems and how we can help. 
Mike Smith Honda,Exhaust System Repair,https://www.mikesmithhonda.com/honda-exhaust-system-repair-beaumont/,11/1/2019,https://drive.google.com/uc?id=15pLytzStUFutF6W5DA3WyO6Z2ICha-iM,Worried about your car or truck's exhaust system? Learn more about the most common issues with exhaust systems and how we can help. 
Mike Smith Nissan,Exhaust System Repair,https://www.mikesmithnissan.com/nissan-exhaust-system-repair-beaumont/,11/1/2019,https://drive.google.com/uc?id=15pLytzStUFutF6W5DA3WyO6Z2ICha-iM,Worried about your car or truck's exhaust system? Learn more about the most common issues with exhaust systems and how we can help. 
Miller Toyota of Anaheim,Exhaust System Repair,https://www.millertoyotaofanaheim.com/toyota-exhaust-system-repair-orange-county/,11/1/2019,https://drive.google.com/uc?id=15pLytzStUFutF6W5DA3WyO6Z2ICha-iM,Worried about your car or truck's exhaust system? Learn more about the most common issues with exhaust systems and how we can help. 
MINI of Clear Lake,Exhaust System Repair,https://www.miniclearlake.com/mini-exhaust-system-repair-houston/,11/1/2019,https://drive.google.com/uc?id=15pLytzStUFutF6W5DA3WyO6Z2ICha-iM,Worried about your car or truck's exhaust system? Learn more about the most common issues with exhaust systems and how we can help. 
MINI of El Paso,Exhaust System Repair,https://www.miniofelpaso.com/mini-exhaust-system-repair-el-paso-tx/,11/1/2019,https://drive.google.com/uc?id=15pLytzStUFutF6W5DA3WyO6Z2ICha-iM,Worried about your car or truck's exhaust system? Learn more about the most common issues with exhaust systems and how we can help. 
Porsche El Paso,Exhaust System Repair,https://www.porscheelpaso.com/porsche-exhaust-system-repair-el-paso-tx/,11/1/2019,https://drive.google.com/uc?id=15pLytzStUFutF6W5DA3WyO6Z2ICha-iM,Worried about your car or truck's exhaust system? Learn more about the most common issues with exhaust systems and how we can help. 
Porsche of Milwaukee North,Exhaust System Repair,https://www.porschemilwaukeenorth.com/porsche-exhaust-system-repair-milwaukee-wi/,11/1/2019,https://drive.google.com/uc?id=15pLytzStUFutF6W5DA3WyO6Z2ICha-iM,Worried about your car or truck's exhaust system? Learn more about the most common issues with exhaust systems and how we can help. 
Ron Carter Cadillac,Exhaust System Repair,https://www.roncartercadillac.com/cadillac-exhaust-system-repair-houston,11/1/2019,https://drive.google.com/uc?id=15pLytzStUFutF6W5DA3WyO6Z2ICha-iM,Worried about your car or truck's exhaust system? Learn more about the most common issues with exhaust systems and how we can help. 
Ron Carter Hyundai,Exhaust System Repair,https://www.roncarterhyundai.com/hyundai-exhaust-system-repair-houston.htm,11/1/2019,https://drive.google.com/uc?id=15pLytzStUFutF6W5DA3WyO6Z2ICha-iM,Worried about your car or truck's exhaust system? Learn more about the most common issues with exhaust systems and how we can help. 
Round Rock Nissan,Exhaust System Repair,https://www.roundrocknissan.com/nissan-exhaust-system-repair-austin/,11/1/2019,https://drive.google.com/uc?id=15pLytzStUFutF6W5DA3WyO6Z2ICha-iM,Worried about your car or truck's exhaust system? Learn more about the most common issues with exhaust systems and how we can help. 
Shamaley Buick GMC,Exhaust System Repair,https://www.shamaleybuickgmc.com/buick-gmc-exhaust-system-repair-el-paso-tx,11/1/2019,https://drive.google.com/uc?id=15pLytzStUFutF6W5DA3WyO6Z2ICha-iM,Worried about your car or truck's exhaust system? Learn more about the most common issues with exhaust systems and how we can help. 
Shamaley Ford,Exhaust System Repair,https://www.shamaleyford.com/ford-exhaust-system-repair-el-paso.html,11/1/2019,https://drive.google.com/uc?id=15pLytzStUFutF6W5DA3WyO6Z2ICha-iM,Worried about your car or truck's exhaust system? Learn more about the most common issues with exhaust systems and how we can help. 
Shawnee Mission Kia,Exhaust System Repair,https://www.shawneemissionkia.com/kia-exhaust-system-repair-kansas-city/,11/1/2019,https://drive.google.com/uc?id=15pLytzStUFutF6W5DA3WyO6Z2ICha-iM,Worried about your car or truck's exhaust system? Learn more about the most common issues with exhaust systems and how we can help. 
Smicklas Chevrolet,Exhaust System Repair,https://www.smicklaschevrolet.com/chevrolet-exhaust-system-repair-oklahoma-city-ok,11/1/2019,https://drive.google.com/uc?id=15pLytzStUFutF6W5DA3WyO6Z2ICha-iM,Worried about your car or truck's exhaust system? Learn more about the most common issues with exhaust systems and how we can help. 
South Pointe Chevrolet,Exhaust System Repair,https://www.southpointechevrolet.com/chevrolet-exhaust-system-repair-tulsa-ok,11/1/2019,https://drive.google.com/uc?id=15pLytzStUFutF6W5DA3WyO6Z2ICha-iM,Worried about your car or truck's exhaust system? Learn more about the most common issues with exhaust systems and how we can help. 
South Pointe Chrysler Jeep Dodge Ram,Exhaust System Repair,https://www.southpointcjd.com/chrysler-jeep-dodge-ram-exhaust-system-repair-tulsa-tx/,11/1/2019,https://drive.google.com/uc?id=15pLytzStUFutF6W5DA3WyO6Z2ICha-iM,Worried about your car or truck's exhaust system? Learn more about the most common issues with exhaust systems and how we can help. 
South Pointe Honda,Exhaust System Repair,https://www.southpointehonda.com/honda-exhaust-system-repair-tulsa/,11/1/2019,https://drive.google.com/uc?id=15pLytzStUFutF6W5DA3WyO6Z2ICha-iM,Worried about your car or truck's exhaust system? Learn more about the most common issues with exhaust systems and how we can help. 
Sterling McCall Acura,Exhaust System Repair,https://www.sterlingmccallacura.com/acura-exhaust-system-repair-houston/,11/1/2019,https://drive.google.com/uc?id=15pLytzStUFutF6W5DA3WyO6Z2ICha-iM,Worried about your car or truck's exhaust system? Learn more about the most common issues with exhaust systems and how we can help. 
Sterling McCall Acura of Sugar Land,Exhaust System Repair,https://www.acurasugarland.com/acura-exhaust-system-repair-sugar-land/,11/1/2019,https://drive.google.com/uc?id=15pLytzStUFutF6W5DA3WyO6Z2ICha-iM,Worried about your car or truck's exhaust system? Learn more about the most common issues with exhaust systems and how we can help. 
Sterling McCall Buick GMC,Exhaust System Repair,https://www.sterlingmccallbuickgmc.com/buick-gmc-exhaust-system-repair-houston-tx,11/1/2019,https://drive.google.com/uc?id=15pLytzStUFutF6W5DA3WyO6Z2ICha-iM,Worried about your car or truck's exhaust system? Learn more about the most common issues with exhaust systems and how we can help. 
Sterling McCall Cadillac,Exhaust System Repair,https://www.sterlingmccallcadillac.com/cadillac-exhaust-system-repair-houston,11/1/2019,https://drive.google.com/uc?id=15pLytzStUFutF6W5DA3WyO6Z2ICha-iM,Worried about your car or truck's exhaust system? Learn more about the most common issues with exhaust systems and how we can help. 
Sterling McCall Chevrolet,Exhaust System Repair,https://www.sterlingmccallchevy.com/chevrolet-exhaust-system-repair-houston-tx,11/1/2019,https://drive.google.com/uc?id=15pLytzStUFutF6W5DA3WyO6Z2ICha-iM,Worried about your car or truck's exhaust system? Learn more about the most common issues with exhaust systems and how we can help. 
Sterling McCall Ford,Exhaust System Repair,https://www.sterlingmccallford.com/ford-exhaust-system-repair-houston.html,11/1/2019,https://drive.google.com/uc?id=15pLytzStUFutF6W5DA3WyO6Z2ICha-iM,Worried about your car or truck's exhaust system? Learn more about the most common issues with exhaust systems and how we can help. 
Sterling McCall Honda,Exhaust System Repair,https://www.sterlingmccallhonda.com/honda-exhaust-system-repair-houston/,11/1/2019,https://drive.google.com/uc?id=15pLytzStUFutF6W5DA3WyO6Z2ICha-iM,Worried about your car or truck's exhaust system? Learn more about the most common issues with exhaust systems and how we can help. 
Sterling McCall Hyundai,Exhaust System Repair,https://www.sterlingmccallhyundai.com/hyundai-exhaust-system-repair-houston,11/1/2019,https://drive.google.com/uc?id=15pLytzStUFutF6W5DA3WyO6Z2ICha-iM,Worried about your car or truck's exhaust system? Learn more about the most common issues with exhaust systems and how we can help. 
Sterling McCall Hyundai South Loop,Exhaust System Repair,https://www.sterlingmccallhyundaisouthloop.com/hyundai-exhaust-system-repair-houston,11/1/2019,https://drive.google.com/uc?id=15pLytzStUFutF6W5DA3WyO6Z2ICha-iM,Worried about your car or truck's exhaust system? Learn more about the most common issues with exhaust systems and how we can help. 
Sterling McCall Lexus,Exhaust System Repair,https://www.sterlingmccalllexus.com/lexus-exhaust-system-repair-houston/,11/1/2019,https://drive.google.com/uc?id=15pLytzStUFutF6W5DA3WyO6Z2ICha-iM,Worried about your car or truck's exhaust system? Learn more about the most common issues with exhaust systems and how we can help. 
Sterling McCall Lexus Clear Lake,Exhaust System Repair,https://www.sterlingmccalllexusclearlake.com/lexus-exhaust-system-repair-houston/,11/1/2019,https://drive.google.com/uc?id=15pLytzStUFutF6W5DA3WyO6Z2ICha-iM,Worried about your car or truck's exhaust system? Learn more about the most common issues with exhaust systems and how we can help. 
Sterling McCall Nissan,Exhaust System Repair,https://www.sterlingmccallnissan.com/nissan-exhaust-system-repair-houston/,11/1/2019,https://drive.google.com/uc?id=15pLytzStUFutF6W5DA3WyO6Z2ICha-iM,Worried about your car or truck's exhaust system? Learn more about the most common issues with exhaust systems and how we can help. 
Sterling McCall Toyota,Exhaust System Repair,https://www.sterlingmccalltoyota.com/toyota-exhaust-system-repair-houston/,11/1/2019,https://drive.google.com/uc?id=15pLytzStUFutF6W5DA3WyO6Z2ICha-iM,Worried about your car or truck's exhaust system? Learn more about the most common issues with exhaust systems and how we can help. 
Sterling McCall Toyota Fort Bend,Exhaust System Repair,https://www.sterlingmccalltoyotafortbend.com/toyota-exhaust-system-repair-richmond/,11/1/2019,https://drive.google.com/uc?id=15pLytzStUFutF6W5DA3WyO6Z2ICha-iM,Worried about your car or truck's exhaust system? Learn more about the most common issues with exhaust systems and how we can help. 
Subaru El Paso,Exhaust System Repair,https://www.subaruelpaso.com/subaru-exhaust-system-repair-el-paso.htm,11/1/2019,https://drive.google.com/uc?id=15pLytzStUFutF6W5DA3WyO6Z2ICha-iM,Worried about your car or truck's exhaust system? Learn more about the most common issues with exhaust systems and how we can help. 
Subaru of Clear Lake,Exhaust System Repair,https://www.clearlakesubaru.com/subaru-exhaust-system-repair-houston.htm,11/1/2019,https://drive.google.com/uc?id=15pLytzStUFutF6W5DA3WyO6Z2ICha-iM,Worried about your car or truck's exhaust system? Learn more about the most common issues with exhaust systems and how we can help. 
Team Gillman Mazda,Exhaust System Repair,https://www.teamgillmanmazda.com/mazda-exhaust-system-repair-houston/,11/1/2019,https://drive.google.com/uc?id=15pLytzStUFutF6W5DA3WyO6Z2ICha-iM,Worried about your car or truck's exhaust system? Learn more about the most common issues with exhaust systems and how we can help. 
Town North Nissan,Exhaust System Repair,https://www.townnorthnissan.com/nissan-exhaust-system-repair-austin/,11/1/2019,https://drive.google.com/uc?id=15pLytzStUFutF6W5DA3WyO6Z2ICha-iM,Worried about your car or truck's exhaust system? Learn more about the most common issues with exhaust systems and how we can help. 
Volkswagen of Alamo Heights,Exhaust System Repair,https://www.vwofalamoheights.com/volkswagen-exhaust-system-repair-san-antonio-tx/,11/1/2019,https://drive.google.com/uc?id=15pLytzStUFutF6W5DA3WyO6Z2ICha-iM,Worried about your car or truck's exhaust system? Learn more about the most common issues with exhaust systems and how we can help. 
Volkswagen of Beaumont,Exhaust System Repair,https://www.vwbeaumont.com/volkswagen-exhaust-system-repair-beaumont-tx/,11/1/2019,https://drive.google.com/uc?id=15pLytzStUFutF6W5DA3WyO6Z2ICha-iM,Worried about your car or truck's exhaust system? Learn more about the most common issues with exhaust systems and how we can help. 
Volkswagen of Kearny Mesa,Exhaust System Repair,https://www.vwofkearnymesa.com/volkswagen-exhaust-system-repair-san-diego-ca/,11/1/2019,https://drive.google.com/uc?id=15pLytzStUFutF6W5DA3WyO6Z2ICha-iM,Worried about your car or truck's exhaust system? Learn more about the most common issues with exhaust systems and how we can help. 
Volkswagen of Milwaukee North,Exhaust System Repair,https://www.vwofmilwaukeenorth.com/volkswagen-exhaust-system-repair-milwaukee-wi/,11/1/2019,https://drive.google.com/uc?id=15pLytzStUFutF6W5DA3WyO6Z2ICha-iM,Worried about your car or truck's exhaust system? Learn more about the most common issues with exhaust systems and how we can help. 
